e3dcf8,172.19.0.1,GET,http://symfony.localhost/,1607694837,,200
502d44,172.19.0.1,GET,http://symfony.localhost/favicon.ico,1607694844,3315c9,404
3315c9,172.19.0.1,GET,http://symfony.localhost/favicon.ico,1607694844,,404
a6692a,172.19.0.1,GET,http://symfony.localhost/,1607694858,,200
e10128,172.19.0.1,GET,http://symfony.localhost/,1607695971,,200
dfca14,172.19.0.1,GET,http://symfony.localhost/,1607719478,,200
2f927d,172.19.0.1,GET,http://symfony.localhost/favicon.ico,1607719483,bcd920,404
bcd920,172.19.0.1,GET,http://symfony.localhost/favicon.ico,1607719483,,404
827d8c,172.19.0.1,GET,http://symfony.localhost/,1609011456,,200
bcfcc0,172.19.0.1,GET,http://symfony.localhost/favicon.ico,1609011461,296ac1,404
296ac1,172.19.0.1,GET,http://symfony.localhost/favicon.ico,1609011461,,404
154958,172.19.0.1,GET,http://symfony.localhost/,1609191333,,200
61e94a,172.19.0.1,GET,http://symfony.localhost/favicon.ico,1609191338,cc421d,404
cc421d,172.19.0.1,GET,http://symfony.localhost/favicon.ico,1609191338,,404
c09530,172.19.0.1,GET,http://symfony.localhost/,1609325262,,200
3e4bf8,172.19.0.1,GET,http://symfony.localhost/favicon.ico,1609325267,9505d1,404
9505d1,172.19.0.1,GET,http://symfony.localhost/favicon.ico,1609325267,,404
daae34,172.19.0.1,GET,http://symfony.localhost/,1609329947,,404
935604,172.19.0.1,GET,http://symfony.localhost/,1609330099,,404
0474c8,172.19.0.1,GET,http://symfony.localhost/,1609330109,,404
9bdabe,172.19.0.1,GET,http://symfony.localhost/,1609330150,,200
e4137c,172.19.0.1,GET,http://symfony.localhost/,1609331167,feb7cc,500
feb7cc,172.19.0.1,GET,http://symfony.localhost/,1609331167,,500
799fa9,172.19.0.1,GET,http://symfony.localhost/,1609331210,,200
c61ebb,172.19.0.1,GET,http://symfony.localhost/,1609331232,,200
d81ef2,172.19.0.1,GET,http://symfony.localhost/,1609331256,,200
0b23ca,172.19.0.1,GET,http://symfony.localhost/,1609618588,,200
c83ca6,172.19.0.1,GET,http://symfony.localhost/favicon.ico,1609618594,8afa08,404
8afa08,172.19.0.1,GET,http://symfony.localhost/favicon.ico,1609618594,,404
2ead03,172.19.0.1,GET,http://symfony.localhost/,1609671218,,200
146e95,172.19.0.1,GET,http://symfony.localhost/favicon.ico,1609671222,b65875,404
b65875,172.19.0.1,GET,http://symfony.localhost/favicon.ico,1609671222,,404
1d22f9,172.19.0.1,GET,http://symfony.localhost/,1609676449,e9f7f8,500
e9f7f8,172.19.0.1,GET,http://symfony.localhost/,1609676449,,500
8d4ff1,172.19.0.1,GET,http://symfony.localhost/,1609676585,e756a8,500
e756a8,172.19.0.1,GET,http://symfony.localhost/,1609676585,,500
6bde68,172.19.0.1,GET,http://symfony.localhost/,1609676862,44aa4a,500
44aa4a,172.19.0.1,GET,http://symfony.localhost/,1609676863,,500
8e9098,172.19.0.1,GET,http://symfony.localhost/,1609679232,a6eca6,500
a6eca6,172.19.0.1,GET,http://symfony.localhost/,1609679233,,500
f7a3fc,172.19.0.1,GET,http://symfony.localhost/,1609679274,58d24c,500
58d24c,172.19.0.1,GET,http://symfony.localhost/,1609679274,,500
4261bf,172.19.0.1,GET,http://symfony.localhost/,1609679357,681dd4,500
681dd4,172.19.0.1,GET,http://symfony.localhost/,1609679358,,500
f2a55a,172.19.0.1,GET,http://symfony.localhost/,1609679380,3694d1,500
3694d1,172.19.0.1,GET,http://symfony.localhost/,1609679380,,500
29ad56,172.19.0.1,GET,http://symfony.localhost/,1609679469,,200
4e362a,172.19.0.1,GET,http://symfony.localhost/favicon.ico,1609679472,92f93c,404
92f93c,172.19.0.1,GET,http://symfony.localhost/favicon.ico,1609679472,,404
d7471a,172.19.0.1,GET,http://symfony.localhost/,1609679521,,200
609d7f,172.19.0.1,GET,http://symfony.localhost/,1609679608,,200
fe9a6b,172.19.0.1,GET,http://symfony.localhost/,1609679671,,200
d49f5b,172.19.0.1,GET,http://symfony.localhost/,1609679696,,200
300d21,172.19.0.1,GET,http://symfony.localhost/,1609689088,,200
755e16,172.19.0.1,GET,http://symfony.localhost/favicon.ico,1609689094,3b9944,404
3b9944,172.19.0.1,GET,http://symfony.localhost/favicon.ico,1609689095,,404
9ad56d,172.19.0.1,GET,http://symfony.localhost/,1609689112,,200
1902e2,172.19.0.1,GET,http://symfony.localhost/favicon.ico,1609689114,4a2c50,404
4a2c50,172.19.0.1,GET,http://symfony.localhost/favicon.ico,1609689114,,404
e7510e,172.19.0.1,GET,http://symfony.localhost/,1609689122,,200
003c95,172.19.0.1,GET,http://symfony.localhost/favicon.ico,1609689125,bd106a,404
bd106a,172.19.0.1,GET,http://symfony.localhost/favicon.ico,1609689125,,404
e5d1d9,172.19.0.1,GET,http://symfony.localhost/,1609689137,,200
6bbf27,172.19.0.1,GET,http://symfony.localhost/,1609689160,,200
a76c12,172.19.0.1,GET,http://symfony.localhost/,1609689171,,200
e43857,172.19.0.1,GET,http://symfony.localhost/band/6,1609689417,,200
86fca5,172.19.0.1,GET,http://symfony.localhost/images/bobaire.jpg,1609689420,b6e94e,404
769f2d,172.19.0.1,GET,http://symfony.localhost/images/paulaire.jpg,1609689420,6bd488,404
b6e94e,172.19.0.1,GET,http://symfony.localhost/images/bobaire.jpg,1609689420,,404
6bd488,172.19.0.1,GET,http://symfony.localhost/images/paulaire.jpg,1609689420,,404
8f60e4,172.19.0.1,GET,http://symfony.localhost/band/6,1609691068,,200
f48d79,172.19.0.1,GET,http://symfony.localhost/images/bobaire.jpg,1609691074,d56f83,404
b5b2f6,172.19.0.1,GET,http://symfony.localhost/images/paulaire.jpg,1609691074,eca5e3,404
d56f83,172.19.0.1,GET,http://symfony.localhost/images/bobaire.jpg,1609691075,,404
eca5e3,172.19.0.1,GET,http://symfony.localhost/images/paulaire.jpg,1609691075,,404
0eefb4,172.19.0.1,GET,http://symfony.localhost/,1609691326,,200
70ce33,172.19.0.1,GET,http://symfony.localhost/,1609691344,,200
3cd5e0,172.19.0.1,GET,http://symfony.localhost/,1609691406,,200
98f1dc,172.19.0.1,GET,http://symfony.localhost/,1609691596,,200
b6fe38,172.19.0.1,GET,http://symfony.localhost/favicon.ico,1609691600,875895,404
875895,172.19.0.1,GET,http://symfony.localhost/favicon.ico,1609691601,,404
8fd9ef,172.19.0.1,GET,http://symfony.localhost/,1609692330,4979e2,500
4979e2,172.19.0.1,GET,http://symfony.localhost/,1609692330,,500
3a9561,172.19.0.1,GET,http://symfony.localhost/,1609692413,,200
a577e2,172.19.0.1,GET,http://symfony.localhost/,1609692604,,200
3e9194,172.19.0.1,GET,http://symfony.localhost/,1609714041,,200
973474,172.19.0.1,GET,http://symfony.localhost/favicon.ico,1609714046,1d866f,404
1d866f,172.19.0.1,GET,http://symfony.localhost/favicon.ico,1609714047,,404
ee7812,172.19.0.1,GET,http://symfony.localhost/,1609772934,,302
86f94a,172.19.0.1,GET,http://symfony.localhost/login,1609772940,,200
15acb0,172.19.0.1,GET,http://symfony.localhost/favicon.ico,1609772944,8dcc98,404
8dcc98,172.19.0.1,GET,http://symfony.localhost/favicon.ico,1609772945,,404
a8a96d,172.19.0.1,GET,http://symfony.localhost/login,1609773019,,200
b4c4d1,172.19.0.1,GET,http://symfony.localhost/login,1609773112,,200
fd6f2a,172.19.0.1,GET,http://symfony.localhost/,1609773132,,200
3f7d01,172.19.0.1,GET,http://symfony.localhost/band/14,1609773151,,200
2235a2,172.19.0.1,GET,http://symfony.localhost/,1609775716,,200
360392,172.19.0.1,GET,http://symfony.localhost/band/14,1609775720,,200
8455a8,172.19.0.1,GET,http://symfony.localhost/band/14,1609775762,,200
4ed9f9,172.19.0.1,GET,http://symfony.localhost/band/15,1609775772,,200
1b199a,172.19.0.1,GET,http://symfony.localhost/,1609776731,2c5de5,500
2c5de5,172.19.0.1,GET,http://symfony.localhost/,1609776731,,500
b81d67,172.19.0.1,GET,http://symfony.localhost/,1609776770,,200
51a469,172.19.0.1,GET,http://symfony.localhost/,1609776796,,200
e3a365,172.19.0.1,GET,http://symfony.localhost/,1609776815,,200
85d3e2,172.19.0.1,GET,http://symfony.localhost/,1609776841,,200
1bf321,172.19.0.1,GET,http://symfony.localhost/,1609776858,,200
6d00cf,172.19.0.1,GET,http://symfony.localhost/favicon.ico,1609776864,57bc11,404
57bc11,172.19.0.1,GET,http://symfony.localhost/favicon.ico,1609776864,,404
9495f7,172.19.0.1,GET,http://symfony.localhost/shows,1609777025,c43c09,404
c43c09,172.19.0.1,GET,http://symfony.localhost/shows,1609777025,,404
4ebfd0,172.19.0.1,GET,http://symfony.localhost/band/15,1609777033,,200
3e4ca9,172.19.0.1,GET,http://symfony.localhost/bands,1609777068,6e307c,404
6e307c,172.19.0.1,GET,http://symfony.localhost/bands,1609777068,,404
c8542e,172.19.0.1,GET,http://symfony.localhost/bands,1609777161,9c6437,404
9c6437,172.19.0.1,GET,http://symfony.localhost/bands,1609777162,,404
902c5a,172.19.0.1,GET,http://symfony.localhost/band/15,1609777184,,200
bc93ef,172.19.0.1,GET,http://symfony.localhost/favicon.ico,1609777192,bdaf62,404
bdaf62,172.19.0.1,GET,http://symfony.localhost/favicon.ico,1609777192,,404
71a58b,172.19.0.1,GET,http://symfony.localhost/band/band/list.html.twig,1609777203,26d303,404
26d303,172.19.0.1,GET,http://symfony.localhost/band/band/list.html.twig,1609777203,,404
a87ff1,172.19.0.1,GET,http://symfony.localhost/band/15,1609777227,,200
d4c31c,172.19.0.1,GET,http://symfony.localhost/band/list.html.twig,1609777235,c1dd2a,500
c1dd2a,172.19.0.1,GET,http://symfony.localhost/band/list.html.twig,1609777236,,500
86a8d8,172.19.0.1,GET,http://symfony.localhost/band/15,1609777385,,200
9ceaf0,172.19.0.1,GET,http://symfony.localhost/,1609777394,,404
c54cc5,172.19.0.1,GET,http://symfony.localhost/favicon.ico,1609777398,8b10a1,404
8b10a1,172.19.0.1,GET,http://symfony.localhost/favicon.ico,1609777399,,404
eb46e3,172.19.0.1,GET,http://symfony.localhost/band/list.html.twig,1609777407,d4ffbc,500
d4ffbc,172.19.0.1,GET,http://symfony.localhost/band/list.html.twig,1609777408,,500
5620ec,172.19.0.1,GET,http://symfony.localhost/favicon.ico,1609777416,733523,404
733523,172.19.0.1,GET,http://symfony.localhost/favicon.ico,1609777416,,404
9dd16a,172.19.0.1,GET,http://symfony.localhost/,1609777435,,404
1f0859,172.19.0.1,GET,http://symfony.localhost/,1609777527,ba0fb6,500
ba0fb6,172.19.0.1,GET,http://symfony.localhost/,1609777527,,500
7ee631,172.19.0.1,GET,http://symfony.localhost/band/15,1609777563,,200
526315,172.19.0.1,GET,http://symfony.localhost/,1609777566,274846,500
274846,172.19.0.1,GET,http://symfony.localhost/,1609777566,,500
21d4e3,172.19.0.1,GET,http://symfony.localhost/,1609778220,,200
339a4c,172.19.0.1,GET,http://symfony.localhost/band,1609778227,,301
e909d7,172.19.0.1,GET,http://symfony.localhost/band/,1609778238,,200
c1041d,172.19.0.1,GET,http://symfony.localhost/show,1609778254,e18180,404
e18180,172.19.0.1,GET,http://symfony.localhost/show,1609778255,,404
14f780,172.19.0.1,GET,http://symfony.localhost/,1609778571,,200
c47549,172.19.0.1,GET,http://symfony.localhost/show,1609778582,d79495,404
d79495,172.19.0.1,GET,http://symfony.localhost/show,1609778582,,404
28fa98,172.19.0.1,GET,http://symfony.localhost/band/,1609778585,,200
7c7ec3,172.19.0.1,GET,http://symfony.localhost/,1609778689,,404
3b2b4d,172.19.0.1,GET,http://symfony.localhost/,1609778722,,404
536d8d,172.19.0.1,GET,http://symfony.localhost/,1609778803,,200
3f595b,172.19.0.1,GET,http://symfony.localhost/favicon.ico,1609778813,ba443d,404
ba443d,172.19.0.1,GET,http://symfony.localhost/favicon.ico,1609778813,,404
fed968,172.19.0.1,GET,http://symfony.localhost/band/,1609778817,,200
c87dc2,172.19.0.1,GET,http://symfony.localhost/band/,1609785563,b03763,500
b03763,172.19.0.1,GET,http://symfony.localhost/band/,1609785563,,500
7643c4,172.19.0.1,GET,http://symfony.localhost/,1609785584,,200
be73ef,172.19.0.1,GET,http://symfony.localhost/,1609785622,,200
86e5a4,172.19.0.1,GET,http://symfony.localhost/,1609785721,,200
1ad5c0,172.19.0.1,GET,http://symfony.localhost/,1609785837,,200
102316,172.19.0.1,GET,http://symfony.localhost/,1609785967,,200
d4bc88,172.19.0.1,GET,http://symfony.localhost/,1609786001,,200
3b1b36,172.19.0.1,GET,http://symfony.localhost/,1609786024,,200
6e193c,172.19.0.1,GET,http://symfony.localhost/favicon.ico,1609786029,60edbe,404
60edbe,172.19.0.1,GET,http://symfony.localhost/favicon.ico,1609786030,,404
6d4834,172.19.0.1,GET,http://symfony.localhost/,1609786051,,200
68704f,172.19.0.1,GET,http://symfony.localhost/,1609786464,,200
4cde7a,172.19.0.1,GET,http://symfony.localhost/,1609786495,,200
fc6cde,172.19.0.1,GET,http://symfony.localhost/style.css,1609786504,fbb96d,404
fbb96d,172.19.0.1,GET,http://symfony.localhost/style.css,1609786505,,404
f15901,172.19.0.1,GET,http://symfony.localhost/favicon.ico,1609786509,2a528c,404
2a528c,172.19.0.1,GET,http://symfony.localhost/favicon.ico,1609786509,,404
ae41a0,172.19.0.1,GET,http://symfony.localhost/,1609786656,,200
c827c2,172.19.0.1,GET,http://symfony.localhost/style.css,1609786668,436d42,404
436d42,172.19.0.1,GET,http://symfony.localhost/style.css,1609786669,,404
f7093e,172.19.0.1,GET,http://symfony.localhost/,1609786711,,200
b66247,172.19.0.1,GET,http://symfony.localhost/style.css,1609786719,514de1,404
514de1,172.19.0.1,GET,http://symfony.localhost/style.css,1609786719,,404
43bdd4,172.19.0.1,GET,http://symfony.localhost/,1609786751,,200
df4d11,172.19.0.1,GET,http://symfony.localhost/style.css,1609786759,55cb5c,404
55cb5c,172.19.0.1,GET,http://symfony.localhost/style.css,1609786760,,404
04b383,172.19.0.1,GET,http://symfony.localhost/favicon.ico,1609786764,4f84b0,404
4f84b0,172.19.0.1,GET,http://symfony.localhost/favicon.ico,1609786764,,404
53ff94,172.19.0.1,GET,http://symfony.localhost/style.css,1609786792,e58b0c,404
e58b0c,172.19.0.1,GET,http://symfony.localhost/style.css,1609786792,,404
d009e9,172.19.0.1,GET,http://symfony.localhost/,1609786880,,200
6a14b9,172.19.0.1,GET,http://symfony.localhost/band/,1609786880,,200
bd2862,172.19.0.1,GET,http://symfony.localhost/style.css,1609786884,1226ce,404
85fa81,172.19.0.1,GET,http://symfony.localhost/band/style.css,1609786884,04cb37,500
04cb37,172.19.0.1,GET,http://symfony.localhost/band/style.css,1609786884,,500
1226ce,172.19.0.1,GET,http://symfony.localhost/style.css,1609786885,,404
50b122,172.19.0.1,GET,http://symfony.localhost/band/14,1609786906,,200
d0bd15,172.19.0.1,GET,http://symfony.localhost/band/15,1609786906,,200
02fec2,172.19.0.1,GET,http://symfony.localhost/band/style.css,1609786914,f037a0,500
f037a0,172.19.0.1,GET,http://symfony.localhost/band/style.css,1609786915,,500
505fa8,172.19.0.1,GET,http://symfony.localhost/band/style.css,1609786918,8bdc12,500
8bdc12,172.19.0.1,GET,http://symfony.localhost/band/style.css,1609786918,,500
c6d846,172.19.0.1,GET,http://symfony.localhost/band/style.css,1609786925,06eb7a,500
06eb7a,172.19.0.1,GET,http://symfony.localhost/band/style.css,1609786925,,500
c2e59e,172.19.0.1,GET,http://symfony.localhost/band/14,1609787007,,200
320e29,172.19.0.1,GET,http://symfony.localhost/band/style.css,1609787015,f20a00,500
f20a00,172.19.0.1,GET,http://symfony.localhost/band/style.css,1609787015,,500
2a69ae,172.19.0.1,GET,http://symfony.localhost/favicon.ico,1609787020,a5a899,404
a5a899,172.19.0.1,GET,http://symfony.localhost/favicon.ico,1609787020,,404
297171,172.19.0.1,GET,http://symfony.localhost/band/14,1609787031,,200
1d03aa,172.19.0.1,GET,http://symfony.localhost/band/style.css,1609787041,eee196,500
eee196,172.19.0.1,GET,http://symfony.localhost/band/style.css,1609787041,,500
e77960,172.19.0.1,GET,http://symfony.localhost/favicon.ico,1609787045,fde89f,404
fde89f,172.19.0.1,GET,http://symfony.localhost/favicon.ico,1609787046,,404
ef174b,172.19.0.1,GET,http://symfony.localhost/band/15,1609787082,,200
0ce994,172.19.0.1,GET,http://symfony.localhost/band/style.css,1609787090,29bc95,500
29bc95,172.19.0.1,GET,http://symfony.localhost/band/style.css,1609787090,,500
403cf0,172.19.0.1,GET,http://symfony.localhost/band/14,1609787095,,200
fc021b,172.19.0.1,GET,http://symfony.localhost/band/style.css,1609787100,4be6a7,500
4be6a7,172.19.0.1,GET,http://symfony.localhost/band/style.css,1609787100,,500
d04024,172.19.0.1,GET,http://symfony.localhost/band/14,1609787118,,200
9f09f2,172.19.0.1,GET,http://symfony.localhost/band/style.css,1609787125,ad278e,500
ad278e,172.19.0.1,GET,http://symfony.localhost/band/style.css,1609787125,,500
d7082d,172.19.0.1,GET,http://symfony.localhost/band/14,1609787203,,200
e6c219,172.19.0.1,GET,http://symfony.localhost/band/15,1609787204,,200
18f4c4,172.19.0.1,GET,http://symfony.localhost/band/style.css,1609787211,824b2c,500
824b2c,172.19.0.1,GET,http://symfony.localhost/band/style.css,1609787211,,500
283d8f,172.19.0.1,GET,http://symfony.localhost/band/style.css,1609787216,ae7e1b,500
ae7e1b,172.19.0.1,GET,http://symfony.localhost/band/style.css,1609787216,,500
b05f19,172.19.0.1,GET,http://symfony.localhost/favicon.ico,1609787220,895406,404
895406,172.19.0.1,GET,http://symfony.localhost/favicon.ico,1609787220,,404
90a56f,172.19.0.1,GET,http://symfony.localhost/band/14,1609787221,,200
afe204,172.19.0.1,GET,http://symfony.localhost/band/style.css,1609787229,4c3983,500
4c3983,172.19.0.1,GET,http://symfony.localhost/band/style.css,1609787229,,500
059f32,172.19.0.1,GET,http://symfony.localhost/band/15,1609787247,,200
ed7885,172.19.0.1,GET,http://symfony.localhost/band/style.css,1609787258,09e519,500
09e519,172.19.0.1,GET,http://symfony.localhost/band/style.css,1609787258,,500
e624ed,172.19.0.1,GET,http://symfony.localhost/band/15,1609787307,,200
12455f,172.19.0.1,GET,http://symfony.localhost/band/14,1609787307,,200
b8d389,172.19.0.1,GET,http://symfony.localhost/band/style.css,1609787313,b77388,500
b77388,172.19.0.1,GET,http://symfony.localhost/band/style.css,1609787313,,500
612ee4,172.19.0.1,GET,http://symfony.localhost/band/style.css,1609787318,6cb419,500
6cb419,172.19.0.1,GET,http://symfony.localhost/band/style.css,1609787318,,500
f45ee0,172.19.0.1,GET,http://symfony.localhost/band/15,1609787351,,200
17b94e,172.19.0.1,GET,http://symfony.localhost/band/style.css,1609787359,2df4dd,500
2df4dd,172.19.0.1,GET,http://symfony.localhost/band/style.css,1609787359,,500
7eba86,172.19.0.1,GET,http://symfony.localhost/band/14,1609787373,,200
ce3e9a,172.19.0.1,GET,http://symfony.localhost/band/style.css,1609787380,e840ae,500
e840ae,172.19.0.1,GET,http://symfony.localhost/band/style.css,1609787380,,500
ba952b,172.19.0.1,GET,http://symfony.localhost/band/15,1609787384,,200
44fab3,172.19.0.1,GET,http://symfony.localhost/band/style.css,1609787391,907b8a,500
907b8a,172.19.0.1,GET,http://symfony.localhost/band/style.css,1609787391,,500
82f371,172.19.0.1,GET,http://symfony.localhost/band/15,1609787397,,200
5a62f6,172.19.0.1,GET,http://symfony.localhost/band/style.css,1609787403,cc74ca,500
cc74ca,172.19.0.1,GET,http://symfony.localhost/band/style.css,1609787403,,500
3ff69e,172.19.0.1,GET,http://symfony.localhost/favicon.ico,1609787407,a2547c,404
a2547c,172.19.0.1,GET,http://symfony.localhost/favicon.ico,1609787407,,404
b01af4,172.19.0.1,GET,http://symfony.localhost/band/15,1609787425,,200
507209,172.19.0.1,GET,http://symfony.localhost/band/style.css,1609787435,746b50,500
746b50,172.19.0.1,GET,http://symfony.localhost/band/style.css,1609787435,,500
a53b4d,172.19.0.1,GET,http://symfony.localhost/favicon.ico,1609787439,bb3cec,404
bb3cec,172.19.0.1,GET,http://symfony.localhost/favicon.ico,1609787440,,404
bcff2e,172.19.0.1,GET,http://symfony.localhost/band/15,1609787474,,200
99f15c,172.19.0.1,GET,http://symfony.localhost/band/style.css,1609787481,d5a27c,500
d5a27c,172.19.0.1,GET,http://symfony.localhost/band/style.css,1609787481,,500
2fc142,172.19.0.1,GET,http://symfony.localhost/band/15,1609787501,,200
5b2a28,172.19.0.1,GET,http://symfony.localhost/band/style.css,1609787511,246907,500
246907,172.19.0.1,GET,http://symfony.localhost/band/style.css,1609787511,,500
225335,172.19.0.1,GET,http://symfony.localhost/band/15,1609787535,,200
949bba,172.19.0.1,GET,http://symfony.localhost/band/style.css,1609787538,99efe3,500
99efe3,172.19.0.1,GET,http://symfony.localhost/band/style.css,1609787538,,500
50d13f,172.19.0.1,GET,http://symfony.localhost/band/14,1609787539,,200
1e6a1f,172.19.0.1,GET,http://symfony.localhost/band/style.css,1609787543,145fdf,500
145fdf,172.19.0.1,GET,http://symfony.localhost/band/style.css,1609787543,,500
e7a084,172.19.0.1,GET,http://symfony.localhost/band/15,1609787555,,200
a96ec4,172.19.0.1,GET,http://symfony.localhost/band/14,1609787555,,200
a8ccd4,172.19.0.1,GET,http://symfony.localhost/band/style.css,1609787564,7edd61,500
7edd61,172.19.0.1,GET,http://symfony.localhost/band/style.css,1609787564,,500
13de00,172.19.0.1,GET,http://symfony.localhost/band/style.css,1609787569,0687b1,500
0687b1,172.19.0.1,GET,http://symfony.localhost/band/style.css,1609787569,,500
473569,172.19.0.1,GET,http://symfony.localhost/band/style.css,1609787579,9143a4,500
9143a4,172.19.0.1,GET,http://symfony.localhost/band/style.css,1609787579,,500
a94991,172.19.0.1,GET,http://symfony.localhost/band/14,1609787591,,200
2ec063,172.19.0.1,GET,http://symfony.localhost/band/15,1609787591,,200
33b207,172.19.0.1,GET,http://symfony.localhost/band/style.css,1609787598,475a0a,500
475a0a,172.19.0.1,GET,http://symfony.localhost/band/style.css,1609787598,,500
7dad69,172.19.0.1,GET,http://symfony.localhost/band/style.css,1609787602,190e8e,500
190e8e,172.19.0.1,GET,http://symfony.localhost/band/style.css,1609787602,,500
1d5ab1,172.19.0.1,GET,http://symfony.localhost/band/style.css,1609787612,0111f9,500
0111f9,172.19.0.1,GET,http://symfony.localhost/band/style.css,1609787612,,500
9c497f,172.19.0.1,GET,http://symfony.localhost/band/style.css,1609787616,be47ef,500
be47ef,172.19.0.1,GET,http://symfony.localhost/band/style.css,1609787616,,500
48e956,172.19.0.1,GET,http://symfony.localhost/band/style.css,1609787622,f0f4ed,500
f0f4ed,172.19.0.1,GET,http://symfony.localhost/band/style.css,1609787622,,500
b03472,172.19.0.1,GET,http://symfony.localhost/band/style.css,1609787640,f63aeb,500
f63aeb,172.19.0.1,GET,http://symfony.localhost/band/style.css,1609787640,,500
163ce0,172.19.0.1,GET,http://symfony.localhost/band/15,1609787658,,200
40ba5c,172.19.0.1,GET,http://symfony.localhost/band/14,1609787658,,200
87fc28,172.19.0.1,GET,http://symfony.localhost/band/style.css,1609787664,f7a82f,500
f7a82f,172.19.0.1,GET,http://symfony.localhost/band/style.css,1609787665,,500
cca5d4,172.19.0.1,GET,http://symfony.localhost/band/style.css,1609787669,cd2327,500
cd2327,172.19.0.1,GET,http://symfony.localhost/band/style.css,1609787670,,500
0e8c83,172.19.0.1,GET,http://symfony.localhost/band/15,1609787681,,200
d99d02,172.19.0.1,GET,http://symfony.localhost/band/style.css,1609787685,adcbbf,500
adcbbf,172.19.0.1,GET,http://symfony.localhost/band/style.css,1609787685,,500
cb2523,172.19.0.1,GET,http://symfony.localhost/band/14,1609787686,,200
7ab6d1,172.19.0.1,GET,http://symfony.localhost/band/style.css,1609787690,8127ce,500
8127ce,172.19.0.1,GET,http://symfony.localhost/band/style.css,1609787690,,500
3f1cc7,172.19.0.1,GET,http://symfony.localhost/band/14,1609787704,,200
0ee884,172.19.0.1,GET,http://symfony.localhost/band/15,1609787703,,200
a8457b,172.19.0.1,GET,http://symfony.localhost/band/style.css,1609787707,0680ad,500
0680ad,172.19.0.1,GET,http://symfony.localhost/band/style.css,1609787707,,500
0b00b0,172.19.0.1,GET,http://symfony.localhost/band/style.css,1609787710,1b76f7,500
1b76f7,172.19.0.1,GET,http://symfony.localhost/band/style.css,1609787710,,500
d705f8,172.19.0.1,GET,http://symfony.localhost/favicon.ico,1609787710,3ac8e6,404
3ac8e6,172.19.0.1,GET,http://symfony.localhost/favicon.ico,1609787711,,404
877aa0,172.19.0.1,GET,http://symfony.localhost/favicon.ico,1609787718,baf988,404
baf988,172.19.0.1,GET,http://symfony.localhost/favicon.ico,1609787718,,404
2923d8,172.19.0.1,GET,http://symfony.localhost/band/style.css,1609787730,46b722,500
46b722,172.19.0.1,GET,http://symfony.localhost/band/style.css,1609787730,,500
2994ab,172.19.0.1,GET,http://symfony.localhost/band/15,1609787764,,200
3be0f8,172.19.0.1,GET,http://symfony.localhost/band/14,1609787764,,200
bee75b,172.19.0.1,GET,http://symfony.localhost/band/style.css,1609787770,44d30a,500
44d30a,172.19.0.1,GET,http://symfony.localhost/band/style.css,1609787770,,500
038fbc,172.19.0.1,GET,http://symfony.localhost/band/15,1609787789,,200
2e7d34,172.19.0.1,GET,http://symfony.localhost/band/14,1609787789,,200
16561a,172.19.0.1,GET,http://symfony.localhost/band/style.css,1609787797,b8b0bd,500
b8b0bd,172.19.0.1,GET,http://symfony.localhost/band/style.css,1609787797,,500
b1d76f,172.19.0.1,GET,http://symfony.localhost/band/style.css,1609787802,e411bf,500
e411bf,172.19.0.1,GET,http://symfony.localhost/band/style.css,1609787802,,500
261e16,172.19.0.1,GET,http://symfony.localhost/band/style.css,1609787813,2cd5c4,500
2cd5c4,172.19.0.1,GET,http://symfony.localhost/band/style.css,1609787813,,500
62fffc,172.19.0.1,GET,http://symfony.localhost/band/15,1609787840,,200
19174b,172.19.0.1,GET,http://symfony.localhost/band/14,1609787840,,200
4503de,172.19.0.1,GET,http://symfony.localhost/band/style.css,1609787851,9ec6a3,500
9ec6a3,172.19.0.1,GET,http://symfony.localhost/band/style.css,1609787851,,500
b76407,172.19.0.1,GET,http://symfony.localhost/band/style.css,1609787856,4b2800,500
4b2800,172.19.0.1,GET,http://symfony.localhost/band/style.css,1609787856,,500
fcd08c,172.19.0.1,GET,http://symfony.localhost/band/style.css,1609787865,7b0e99,500
7b0e99,172.19.0.1,GET,http://symfony.localhost/band/style.css,1609787865,,500
34d765,172.19.0.1,GET,http://symfony.localhost/register,1609794155,,200
e955a0,172.19.0.1,GET,http://symfony.localhost/style.css,1609794162,df1b2b,404
df1b2b,172.19.0.1,GET,http://symfony.localhost/style.css,1609794163,,404
c18c68,172.19.0.1,GET,http://symfony.localhost/band/15,1609794225,,200
afefc6,172.19.0.1,GET,http://symfony.localhost/band/style.css,1609794231,5ce427,500
5ce427,172.19.0.1,GET,http://symfony.localhost/band/style.css,1609794231,,500
8ee417,172.19.0.1,GET,http://symfony.localhost/login,1609794235,,200
b222e5,172.19.0.1,GET,http://symfony.localhost/register,1609794239,,200
6390b3,172.19.0.1,GET,http://symfony.localhost/style.css,1609794242,a39694,404
a39694,172.19.0.1,GET,http://symfony.localhost/style.css,1609794242,,404
80238c,172.19.0.1,GET,http://symfony.localhost/style.css,1609794245,cc021f,404
cc021f,172.19.0.1,GET,http://symfony.localhost/style.css,1609794245,,404
5f29e2,172.19.0.1,GET,http://symfony.localhost/style.css,1609794251,d8c0bf,404
d8c0bf,172.19.0.1,GET,http://symfony.localhost/style.css,1609794251,,404
3f99b1,172.19.0.1,GET,http://symfony.localhost/band/15,1609795304,,200
179f69,172.19.0.1,GET,http://symfony.localhost/band/style.css,1609795313,1d5b0d,500
1d5b0d,172.19.0.1,GET,http://symfony.localhost/band/style.css,1609795313,,500
795b90,172.19.0.1,GET,http://symfony.localhost/,1609835748,,200
f4c0a6,172.19.0.1,GET,http://symfony.localhost/style.css,1609835759,17a4db,404
17a4db,172.19.0.1,GET,http://symfony.localhost/style.css,1609835759,,404
fd1441,172.19.0.1,GET,http://symfony.localhost/band,1609835910,,301
0a91fa,172.19.0.1,GET,http://symfony.localhost/band,1609835954,,301
d364a2,172.19.0.1,GET,http://symfony.localhost/band,1609835972,,301
124f83,172.19.0.1,GET,http://symfony.localhost/band/,1609835984,,200
9060b2,172.19.0.1,GET,http://symfony.localhost/band/style.css,1609835994,585ba5,500
585ba5,172.19.0.1,GET,http://symfony.localhost/band/style.css,1609835994,,500
89adc9,172.19.0.1,GET,http://symfony.localhost/favicon.ico,1609835998,7886e2,404
7886e2,172.19.0.1,GET,http://symfony.localhost/favicon.ico,1609835998,,404
dbd55d,172.19.0.1,GET,http://symfony.localhost/band/15,1609836028,eabefa,500
eabefa,172.19.0.1,GET,http://symfony.localhost/band/15,1609836029,,500
e98e30,172.19.0.1,GET,http://symfony.localhost/band/15,1609836066,,200
122e78,172.19.0.1,GET,http://symfony.localhost/band/style.css,1609836073,ce2602,500
ce2602,172.19.0.1,GET,http://symfony.localhost/band/style.css,1609836073,,500
34d510,172.19.0.1,GET,http://symfony.localhost/membermember/76,1609836092,,200
b14e6e,172.19.0.1,GET,http://symfony.localhost/membermember/style.css,1609836096,26cfea,404
26cfea,172.19.0.1,GET,http://symfony.localhost/membermember/style.css,1609836096,,404
165569,172.19.0.1,GET,http://symfony.localhost/band/15,1609836137,,200
4fea3c,172.19.0.1,GET,http://symfony.localhost/band/style.css,1609836147,93af2f,500
93af2f,172.19.0.1,GET,http://symfony.localhost/band/style.css,1609836148,,500
65e261,172.19.0.1,GET,http://symfony.localhost/membermember/76,1609836169,3e2ed9,500
3e2ed9,172.19.0.1,GET,http://symfony.localhost/membermember/76,1609836170,,500
1df638,172.19.0.1,GET,http://symfony.localhost/band/15,1609836242,,200
826f5f,172.19.0.1,GET,http://symfony.localhost/band/style.css,1609836251,9040e0,500
9040e0,172.19.0.1,GET,http://symfony.localhost/band/style.css,1609836251,,500
63058a,172.19.0.1,GET,http://symfony.localhost/member76,1609836266,,200
3028b5,172.19.0.1,GET,http://symfony.localhost/style.css,1609836273,c0f18d,404
c0f18d,172.19.0.1,GET,http://symfony.localhost/style.css,1609836273,,404
3f0384,172.19.0.1,GET,http://symfony.localhost/member76,1609836331,2e0358,404
f8cb39,172.19.0.1,GET,http://symfony.localhost/band/15,1609836333,,200
2e0358,172.19.0.1,GET,http://symfony.localhost/member76,1609836332,,404
c7bda4,172.19.0.1,GET,http://symfony.localhost/band/style.css,1609836337,c08f00,500
c08f00,172.19.0.1,GET,http://symfony.localhost/band/style.css,1609836337,,500
2e7c3a,172.19.0.1,GET,http://symfony.localhost/member/76,1609836368,,200
846ff4,172.19.0.1,GET,http://symfony.localhost/member/style.css,1609836381,ae58ac,404
ae58ac,172.19.0.1,GET,http://symfony.localhost/member/style.css,1609836381,,404
157697,172.19.0.1,GET,http://symfony.localhost/register,1609836622,,200
494073,172.19.0.1,GET,http://symfony.localhost/style.css,1609836634,f1dc34,404
f1dc34,172.19.0.1,GET,http://symfony.localhost/style.css,1609836635,,404
ae11b0,172.19.0.1,GET,http://symfony.localhost/register,1609837405,,200
40e1de,172.19.0.1,GET,http://symfony.localhost/style.css,1609837413,517f7d,404
517f7d,172.19.0.1,GET,http://symfony.localhost/style.css,1609837414,,404
0d6e49,172.19.0.1,GET,http://symfony.localhost/login,1609837419,,200
97cc1f,172.19.0.1,GET,http://symfony.localhost/style.css,1609837427,b8d021,404
b8d021,172.19.0.1,GET,http://symfony.localhost/style.css,1609837427,,404
36f100,172.19.0.1,POST,http://symfony.localhost/login,1609837437,,302
b8faf1,172.19.0.1,GET,http://symfony.localhost/login,1609837442,,200
fff912,172.19.0.1,GET,http://symfony.localhost/style.css,1609837448,e4602e,404
e4602e,172.19.0.1,GET,http://symfony.localhost/style.css,1609837448,,404
44ab27,172.19.0.1,POST,http://symfony.localhost/login,1609837464,,302
64be16,172.19.0.1,GET,http://symfony.localhost/login,1609837468,,200
cdf897,172.19.0.1,GET,http://symfony.localhost/style.css,1609837476,bc218a,404
bc218a,172.19.0.1,GET,http://symfony.localhost/style.css,1609837476,,404
fcc16a,172.19.0.1,GET,http://symfony.localhost/register,1609837732,,200
7b5208,172.19.0.1,GET,http://symfony.localhost/style.css,1609837741,7d057a,404
7d057a,172.19.0.1,GET,http://symfony.localhost/style.css,1609837741,,404
a743ae,172.19.0.1,POST,http://symfony.localhost/register,1609837777,,200
2ac183,172.19.0.1,GET,http://symfony.localhost/style.css,1609837785,c40a41,404
c40a41,172.19.0.1,GET,http://symfony.localhost/style.css,1609837786,,404
0083c1,172.19.0.1,GET,http://symfony.localhost/register,1609837806,5bbba2,500
5bbba2,172.19.0.1,POST,http://symfony.localhost/register,1609837806,,500
501f49,172.19.0.1,GET,http://symfony.localhost/style.css,1609837824,c28626,404
c28626,172.19.0.1,GET,http://symfony.localhost/style.css,1609837825,,404
965172,172.19.0.1,GET,http://symfony.localhost/register,1609837852,27a774,500
27a774,172.19.0.1,POST,http://symfony.localhost/register,1609837852,,500
cc9780,172.19.0.1,POST,http://symfony.localhost/register,1609837933,,200
0f279e,172.19.0.1,GET,http://symfony.localhost/style.css,1609837941,16d60d,404
16d60d,172.19.0.1,GET,http://symfony.localhost/style.css,1609837942,,404
0c5f01,172.19.0.1,POST,http://symfony.localhost/register,1609837958,,302
b0fc73,172.19.0.1,GET,http://symfony.localhost/,1609837964,,200
89c604,172.19.0.1,GET,http://symfony.localhost/style.css,1609837971,60b62b,404
60b62b,172.19.0.1,GET,http://symfony.localhost/style.css,1609837971,,404
8ac594,172.19.0.1,GET,http://symfony.localhost/login,1609837993,,200
cc4166,172.19.0.1,GET,http://symfony.localhost/style.css,1609838000,c751ec,404
c751ec,172.19.0.1,GET,http://symfony.localhost/style.css,1609838000,,404
d4657d,172.19.0.1,GET,http://symfony.localhost/logout,1609838013,,302
2ebd49,172.19.0.1,GET,http://symfony.localhost/,1609838020,,200
c99790,172.19.0.1,GET,http://symfony.localhost/style.css,1609838026,ab146b,404
ab146b,172.19.0.1,GET,http://symfony.localhost/style.css,1609838026,,404
930c30,172.19.0.1,GET,http://symfony.localhost/login,1609838044,,200
0628e2,172.19.0.1,GET,http://symfony.localhost/style.css,1609838050,461695,404
461695,172.19.0.1,GET,http://symfony.localhost/style.css,1609838050,,404
fad9e7,172.19.0.1,POST,http://symfony.localhost/login,1609838076,,302
bf9ae2,172.19.0.1,POST,http://symfony.localhost/login,1609838080,,302
5914a9,172.19.0.1,GET,http://symfony.localhost/login,1609838086,,200
65d3a9,172.19.0.1,GET,http://symfony.localhost/style.css,1609838095,a2944f,404
a2944f,172.19.0.1,GET,http://symfony.localhost/style.css,1609838095,,404
f2fb58,172.19.0.1,POST,http://symfony.localhost/login,1609838106,,302
0465a0,172.19.0.1,GET,http://symfony.localhost/login,1609838111,,200
a593b6,172.19.0.1,GET,http://symfony.localhost/style.css,1609838118,a2da0a,404
a2da0a,172.19.0.1,GET,http://symfony.localhost/style.css,1609838119,,404
6264d3,172.19.0.1,POST,http://symfony.localhost/login,1609838156,,302
30352d,172.19.0.1,GET,http://symfony.localhost/,1609838163,,200
5ba7fe,172.19.0.1,GET,http://symfony.localhost/style.css,1609838169,115c45,404
115c45,172.19.0.1,GET,http://symfony.localhost/style.css,1609838169,,404
96d2b2,172.19.0.1,GET,http://symfony.localhost/band/,1609838192,,200
c609f4,172.19.0.1,GET,http://symfony.localhost/band/style.css,1609838198,465c2a,500
465c2a,172.19.0.1,GET,http://symfony.localhost/band/style.css,1609838201,,500
432002,172.19.0.1,GET,http://symfony.localhost/member/76,1609838220,9fcd64,404
9fcd64,172.19.0.1,GET,http://symfony.localhost/member/76,1609838220,,404
980402,172.19.0.1,GET,http://symfony.localhost/member/76,1609838312,fab3d8,500
fab3d8,172.19.0.1,GET,http://symfony.localhost/member/76,1609838312,,500
ffdf23,172.19.0.1,GET,http://symfony.localhost/member/76,1609838353,c4c6ce,404
c4c6ce,172.19.0.1,GET,http://symfony.localhost/member/76,1609838356,,404
135252,172.19.0.1,GET,http://symfony.localhost/band/15,1609838862,f0035d,500
f0035d,172.19.0.1,GET,http://symfony.localhost/band/15,1609838863,,500
9e6281,172.19.0.1,GET,http://symfony.localhost/,1609838880,8dc21d,500
8dc21d,172.19.0.1,GET,http://symfony.localhost/,1609838880,,500
0e405e,172.19.0.1,GET,http://symfony.localhost/band/15,1609839025,70f88a,500
70f88a,172.19.0.1,GET,http://symfony.localhost/band/15,1609839025,,500
b50665,172.19.0.1,GET,http://symfony.localhost/,1609839697,84f33d,500
84f33d,172.19.0.1,GET,http://symfony.localhost/,1609839697,,500
24f13b,172.19.0.1,GET,http://symfony.localhost/,1609839777,39c76c,500
39c76c,172.19.0.1,GET,http://symfony.localhost/,1609839777,,500
a7bad3,172.19.0.1,GET,http://symfony.localhost/,1609839820,6fb085,500
6fb085,172.19.0.1,GET,http://symfony.localhost/,1609839820,,500
cbea0d,172.19.0.1,GET,http://symfony.localhost/,1609839952,,200
0b4a7a,172.19.0.1,GET,http://symfony.localhost/style.css,1609839960,0cb981,404
0cb981,172.19.0.1,GET,http://symfony.localhost/style.css,1609839960,,404
9522f5,172.19.0.1,GET,http://symfony.localhost/,1609839978,b6e499,500
b6e499,172.19.0.1,GET,http://symfony.localhost/,1609839978,,500
166a77,172.19.0.1,GET,http://symfony.localhost/band/15,1609840110,0af8d6,500
0af8d6,172.19.0.1,GET,http://symfony.localhost/band/15,1609840110,,500
99bb0b,172.19.0.1,GET,http://symfony.localhost/member/76,1609840116,a98843,404
a98843,172.19.0.1,GET,http://symfony.localhost/member/76,1609840116,,404
2721ea,172.19.0.1,GET,http://symfony.localhost/,1609840276,,200
c9fa62,172.19.0.1,GET,http://symfony.localhost/member/76,1609840279,3cd74a,404
3cd74a,172.19.0.1,GET,http://symfony.localhost/member/76,1609840280,,404
284ad5,172.19.0.1,GET,http://symfony.localhost/band/15,1609840280,6c4299,500
6c4299,172.19.0.1,GET,http://symfony.localhost/band/15,1609840280,,500
d73760,172.19.0.1,GET,http://symfony.localhost/style.css,1609840283,1f2aa2,404
1f2aa2,172.19.0.1,GET,http://symfony.localhost/style.css,1609840283,,404
362b91,172.19.0.1,GET,http://symfony.localhost/band/15,1609840289,3639b5,500
3639b5,172.19.0.1,GET,http://symfony.localhost/band/15,1609840289,,500
8c44fd,172.19.0.1,GET,http://symfony.localhost/band/,1609840315,,200
ebb85d,172.19.0.1,GET,http://symfony.localhost/band/style.css,1609840321,b8eeda,500
b8eeda,172.19.0.1,GET,http://symfony.localhost/band/style.css,1609840321,,500
6eb320,172.19.0.1,GET,http://symfony.localhost/band/26,1609840326,,200
978cbf,172.19.0.1,GET,http://symfony.localhost/band/style.css,1609840332,ffbb5a,500
ffbb5a,172.19.0.1,GET,http://symfony.localhost/band/style.css,1609840332,,500
aebfa6,172.19.0.1,GET,http://symfony.localhost/member/122,1609840340,,302
cdeef9,172.19.0.1,GET,http://symfony.localhost/login,1609840344,,200
fc1fe0,172.19.0.1,GET,http://symfony.localhost/style.css,1609840349,c61208,404
c61208,172.19.0.1,GET,http://symfony.localhost/style.css,1609840349,,404
8569bd,172.19.0.1,GET,http://symfony.localhost/band/style.css,1609840423,04bfb3,500
04bfb3,172.19.0.1,GET,http://symfony.localhost/band/style.css,1609840423,,500
82c636,172.19.0.1,GET,http://symfony.localhost/member/122,1609840437,,200
8169c2,172.19.0.1,GET,http://symfony.localhost/member/style.css,1609840445,3c2a17,404
3c2a17,172.19.0.1,GET,http://symfony.localhost/member/style.css,1609840445,,404
1c703b,172.19.0.1,GET,http://symfony.localhost/member/122/edit,1609840458,,302
265ee7,172.19.0.1,GET,http://symfony.localhost/login,1609840462,,200
aa04cb,172.19.0.1,GET,http://symfony.localhost/,1609841122,,200
0c7dc9,172.19.0.1,GET,http://symfony.localhost/style.css,1609841131,455fa6,404
455fa6,172.19.0.1,GET,http://symfony.localhost/style.css,1609841131,,404
5a5a72,172.19.0.1,GET,http://symfony.localhost/concert/create,1609841140,448312,500
448312,172.19.0.1,GET,http://symfony.localhost/concert/create,1609841141,,500
67e6cf,172.19.0.1,GET,http://symfony.localhost/concert/create,1609841188,27bf0e,500
27bf0e,172.19.0.1,GET,http://symfony.localhost/concert/create,1609841188,,500
a9efe3,172.19.0.1,GET,http://symfony.localhost/concert/create,1609841255,9bf698,500
9bf698,172.19.0.1,GET,http://symfony.localhost/concert/create,1609841255,,500
fc6957,172.19.0.1,GET,http://symfony.localhost/style.css,1609841293,f54418,404
f54418,172.19.0.1,GET,http://symfony.localhost/style.css,1609841293,,404
1027e2,172.19.0.1,GET,http://symfony.localhost/,1609841295,,200
37ea76,172.19.0.1,GET,http://symfony.localhost/style.css,1609841298,7a3b96,404
7a3b96,172.19.0.1,GET,http://symfony.localhost/style.css,1609841298,,404
0cb212,172.19.0.1,GET,http://symfony.localhost/concert/create,1609841346,,302
762298,172.19.0.1,GET,http://symfony.localhost/login,1609841351,,200
dce656,172.19.0.1,GET,http://symfony.localhost/style.css,1609841360,af8687,404
af8687,172.19.0.1,GET,http://symfony.localhost/style.css,1609841361,,404
266d50,172.19.0.1,GET,http://symfony.localhost/band/,1609841418,,200
819455,172.19.0.1,GET,http://symfony.localhost/,1609841417,,200
1eaf36,172.19.0.1,GET,http://symfony.localhost/concert/create,1609841419,967ab6,500
967ab6,172.19.0.1,GET,http://symfony.localhost/concert/create,1609841419,,500
ca60a4,172.19.0.1,GET,http://symfony.localhost/band/style.css,1609841423,5d682b,500
5d682b,172.19.0.1,GET,http://symfony.localhost/band/style.css,1609841423,,500
39b7c0,172.19.0.1,GET,http://symfony.localhost/style.css,1609841423,633b91,404
633b91,172.19.0.1,GET,http://symfony.localhost/style.css,1609841423,,404
20d4e5,172.19.0.1,GET,http://symfony.localhost/concert/create,1609841490,e74f9f,500
e74f9f,172.19.0.1,GET,http://symfony.localhost/concert/create,1609841490,,500
1bd382,172.19.0.1,GET,http://symfony.localhost/concert/create,1609841589,21d718,500
21d718,172.19.0.1,GET,http://symfony.localhost/concert/create,1609841589,,500
9bf288,172.19.0.1,GET,http://symfony.localhost/concert/create,1609841629,c447ea,500
c447ea,172.19.0.1,GET,http://symfony.localhost/concert/create,1609841630,,500
effb4d,172.19.0.1,GET,http://symfony.localhost/,1609841780,,200
98acab,172.19.0.1,GET,http://symfony.localhost/style.css,1609841783,a1039c,404
a1039c,172.19.0.1,GET,http://symfony.localhost/style.css,1609841783,,404
b81bc0,172.19.0.1,GET,http://symfony.localhost/concert/create,1609841801,caf3c9,500
caf3c9,172.19.0.1,GET,http://symfony.localhost/concert/create,1609841802,,500
99abc2,172.19.0.1,GET,http://symfony.localhost/concert/create,1609841837,971436,500
971436,172.19.0.1,GET,http://symfony.localhost/concert/create,1609841838,,500
4f4e9f,172.19.0.1,GET,http://symfony.localhost/band/,1609841906,,200
cff261,172.19.0.1,GET,http://symfony.localhost/band/style.css,1609841911,de09a4,500
de09a4,172.19.0.1,GET,http://symfony.localhost/band/style.css,1609841911,,500
1a3c66,172.19.0.1,GET,http://symfony.localhost/concert/create,1609842273,7b7752,500
7b7752,172.19.0.1,GET,http://symfony.localhost/concert/create,1609842273,,500
9f55c8,172.19.0.1,GET,http://symfony.localhost/concert/create,1609842373,e068cf,500
e068cf,172.19.0.1,GET,http://symfony.localhost/concert/create,1609842373,,500
883a34,172.19.0.1,GET,http://symfony.localhost/concert/create,1609842457,483a7f,500
483a7f,172.19.0.1,GET,http://symfony.localhost/concert/create,1609842457,,500
20cbe9,172.19.0.1,GET,http://symfony.localhost/,1609842574,,200
6aa897,172.19.0.1,GET,http://symfony.localhost/style.css,1609842577,37d55e,404
37d55e,172.19.0.1,GET,http://symfony.localhost/style.css,1609842577,,404
1e6acc,172.19.0.1,GET,http://symfony.localhost/band/,1609842584,,200
57c408,172.19.0.1,GET,http://symfony.localhost/band/style.css,1609842592,bf63c9,500
bf63c9,172.19.0.1,GET,http://symfony.localhost/band/style.css,1609842592,,500
7b12d0,172.19.0.1,GET,http://symfony.localhost/band/,1609843080,,200
8e50a6,172.19.0.1,GET,http://symfony.localhost/,1609843082,494aa1,500
494aa1,172.19.0.1,GET,http://symfony.localhost/,1609843082,,500
48d90b,172.19.0.1,GET,http://symfony.localhost/band/style.css,1609843085,53dfb0,500
53dfb0,172.19.0.1,GET,http://symfony.localhost/band/style.css,1609843085,,500
be460c,172.19.0.1,GET,http://symfony.localhost/,1609843202,,200
dfed28,172.19.0.1,GET,http://symfony.localhost/style.css,1609843209,704362,405
704362,172.19.0.1,GET,http://symfony.localhost/style.css,1609843209,,405
5e0fe3,172.19.0.1,GET,http://symfony.localhost/new,1609843236,,302
28749e,172.19.0.1,GET,http://symfony.localhost/login,1609843240,,200
c21cd2,172.19.0.1,GET,http://symfony.localhost/style.css,1609843245,ae18a1,405
ae18a1,172.19.0.1,GET,http://symfony.localhost/style.css,1609843246,,405
5e50e6,172.19.0.1,GET,http://symfony.localhost/band/,1609843378,b32163,500
b32163,172.19.0.1,GET,http://symfony.localhost/band/,1609843378,,500
ec942b,172.19.0.1,GET,http://symfony.localhost/band/,1609843408,,200
921946,172.19.0.1,GET,http://symfony.localhost/band/style.css,1609843413,84faa3,500
84faa3,172.19.0.1,GET,http://symfony.localhost/band/style.css,1609843413,,500
bfc68c,172.19.0.1,GET,http://symfony.localhost/band/26,1609843472,,200
bede47,172.19.0.1,GET,http://symfony.localhost/band/style.css,1609843478,14272c,500
14272c,172.19.0.1,GET,http://symfony.localhost/band/style.css,1609843478,,500
594153,172.19.0.1,GET,http://symfony.localhost/band/26,1609843519,,200
c26296,172.19.0.1,GET,http://symfony.localhost/band/style.css,1609843523,31311d,500
31311d,172.19.0.1,GET,http://symfony.localhost/band/style.css,1609843523,,500
f3aa73,172.19.0.1,GET,http://symfony.localhost/26/edit,1609843537,,302
23f8a6,172.19.0.1,GET,http://symfony.localhost/login,1609843538,,200
192d89,172.19.0.1,GET,http://symfony.localhost/style.css,1609843545,c92475,405
c92475,172.19.0.1,GET,http://symfony.localhost/style.css,1609843545,,405
309c2e,172.19.0.1,GET,http://symfony.localhost/band/,1609843552,,200
74d678,172.19.0.1,GET,http://symfony.localhost/band/style.css,1609843556,2a1e8d,500
2a1e8d,172.19.0.1,GET,http://symfony.localhost/band/style.css,1609843556,,500
3906fa,172.19.0.1,GET,http://symfony.localhost/band/,1609843563,,200
bcbf5c,172.19.0.1,GET,http://symfony.localhost/band/style.css,1609843569,68493f,500
68493f,172.19.0.1,GET,http://symfony.localhost/band/style.css,1609843570,,500
9c7629,172.19.0.1,GET,http://symfony.localhost/,1609843593,,200
6f4ec0,172.19.0.1,GET,http://symfony.localhost/style.css,1609843600,16d001,405
16d001,172.19.0.1,GET,http://symfony.localhost/style.css,1609843601,,405
ba2393,172.19.0.1,GET,http://symfony.localhost/,1609843856,9ae064,500
9ae064,172.19.0.1,GET,http://symfony.localhost/,1609843856,,500
f0cbca,172.19.0.1,GET,http://symfony.localhost/,1609843982,,500
